ExperimentID,SampleID,AndroidVersion,Brand,Model,Avg_Lux,User_ID,Protocol_ID,Latitude,Longitude,Luminosity,Timestamp
30,485,5.1.1,Xiaomi,Redmi 3,16,1,1,41.4384937,-8.30237,23,04/05/2019 22:01
30,486,5.1.1,Xiaomi,Redmi 3,16,1,1,41.438493,-8.3024376,0,04/05/2019 22:01
30,487,5.1.1,Xiaomi,Redmi 3,16,1,1,41.4385077,-8.3025492,25,04/05/2019 22:02
31,488,7.0,HUAWEI,HUAWEI VNS-L31,14.64,1,1,41.4405657,-8.2984083,36,04/05/2019 22:01
31,489,7.0,HUAWEI,HUAWEI VNS-L31,14.64,1,1,41.4384279,-8.3025941,28,04/05/2019 22:01
31,490,7.0,HUAWEI,HUAWEI VNS-L31,14.64,1,1,41.4384546,-8.3025739,20,04/05/2019 22:01
31,491,7.0,HUAWEI,HUAWEI VNS-L31,14.64,1,1,41.4384935,-8.3025049,11,04/05/2019 22:01
31,492,7.0,HUAWEI,HUAWEI VNS-L31,14.64,1,1,41.4384848,-8.3025152,9,04/05/2019 22:01
31,493,7.0,HUAWEI,HUAWEI VNS-L31,14.64,1,1,41.4384827,-8.3025195,7,04/05/2019 22:01
31,494,7.0,HUAWEI,HUAWEI VNS-L31,14.64,1,1,41.4384948,-8.3025388,4,04/05/2019 22:01
31,495,7.0,HUAWEI,HUAWEI VNS-L31,14.64,1,1,41.4384995,-8.3025453,4,04/05/2019 22:01
31,496,7.0,HUAWEI,HUAWEI VNS-L31,14.64,1,1,41.4385005,-8.3025719,0,04/05/2019 22:01
31,497,7.0,HUAWEI,HUAWEI VNS-L31,14.64,1,1,41.4384992,-8.3026056,5,04/05/2019 22:01
31,498,7.0,HUAWEI,HUAWEI VNS-L31,14.64,1,1,41.4384993,-8.3026188,3,04/05/2019 22:01
31,499,7.0,HUAWEI,HUAWEI VNS-L31,14.64,1,1,41.4384988,-8.3026383,6,04/05/2019 22:02
31,500,7.0,HUAWEI,HUAWEI VNS-L31,14.64,1,1,41.4384991,-8.3026612,5,04/05/2019 22:02
31,501,7.0,HUAWEI,HUAWEI VNS-L31,14.64,1,1,41.4384976,-8.3026637,5,04/05/2019 22:02
31,502,7.0,HUAWEI,HUAWEI VNS-L31,14.64,1,1,41.4384947,-8.3026693,9,04/05/2019 22:02
31,503,7.0,HUAWEI,HUAWEI VNS-L31,14.64,1,1,41.4384659,-8.3027394,14,04/05/2019 22:02
31,504,7.0,HUAWEI,HUAWEI VNS-L31,14.64,1,1,41.438459,-8.3027554,15,04/05/2019 22:02
31,505,7.0,HUAWEI,HUAWEI VNS-L31,14.64,1,1,41.438456,-8.3027838,27,04/05/2019 22:02
31,506,7.0,HUAWEI,HUAWEI VNS-L31,14.64,1,1,41.4384594,-8.3027981,34,04/05/2019 22:02
31,507,7.0,HUAWEI,HUAWEI VNS-L31,14.64,1,1,41.4384647,-8.3028171,38,04/05/2019 22:02
31,509,7.0,HUAWEI,HUAWEI VNS-L31,14.64,1,1,41.4384647,-8.3028171,38,04/05/2019 22:02
31,510,7.0,HUAWEI,HUAWEI VNS-L31,14.64,1,1,41.4384647,-8.3028171,23,04/05/2019 22:02
31,513,7.0,HUAWEI,HUAWEI VNS-L31,14.64,1,1,41.4384746,-8.3028404,23,04/05/2019 22:02
31,516,7.0,HUAWEI,HUAWEI VNS-L31,14.64,1,1,41.4384742,-8.302871,2,04/05/2019 22:02
31,518,7.0,HUAWEI,HUAWEI VNS-L31,14.64,1,1,41.4384762,-8.302888,0,04/05/2019 22:02
32,508,8.0.0,HUAWEI,PRA-LX1,33.65625,1,1,41.4384576,-8.3022051,105,04/05/2019 22:01
32,511,8.0.0,HUAWEI,PRA-LX1,33.65625,1,1,41.4385139,-8.3024197,114,04/05/2019 22:01
32,512,8.0.0,HUAWEI,PRA-LX1,33.65625,1,1,41.4384981,-8.3024072,71,04/05/2019 22:01
32,514,8.0.0,HUAWEI,PRA-LX1,33.65625,1,1,41.4384973,-8.3024066,13,04/05/2019 22:01
32,515,8.0.0,HUAWEI,PRA-LX1,33.65625,1,1,41.4384967,-8.3024042,8,04/05/2019 22:01
32,517,8.0.0,HUAWEI,PRA-LX1,33.65625,1,1,41.4384905,-8.3024192,5,04/05/2019 22:01
32,519,8.0.0,HUAWEI,PRA-LX1,33.65625,1,1,41.4384902,-8.302428,0,04/05/2019 22:01
32,520,8.0.0,HUAWEI,PRA-LX1,33.65625,1,1,41.4384879,-8.3024246,0,04/05/2019 22:01
32,521,8.0.0,HUAWEI,PRA-LX1,33.65625,1,1,41.4384872,-8.3024262,0,04/05/2019 22:01
32,522,8.0.0,HUAWEI,PRA-LX1,33.65625,1,1,41.438481,-8.3024258,0,04/05/2019 22:01
32,523,8.0.0,HUAWEI,PRA-LX1,33.65625,1,1,41.4384827,-8.3024339,0,04/05/2019 22:01
32,524,8.0.0,HUAWEI,PRA-LX1,33.65625,1,1,41.438484,-8.3024429,2,04/05/2019 22:01
32,525,8.0.0,HUAWEI,PRA-LX1,33.65625,1,1,41.4384861,-8.3024765,2,04/05/2019 22:01
32,526,8.0.0,HUAWEI,PRA-LX1,33.65625,1,1,41.438479,-8.3024984,2,04/05/2019 22:01
32,527,8.0.0,HUAWEI,PRA-LX1,33.65625,1,1,41.4384788,-8.3025059,5,04/05/2019 22:02
32,528,8.0.0,HUAWEI,PRA-LX1,33.65625,1,1,41.4384762,-8.3025073,2,04/05/2019 22:02
32,529,8.0.0,HUAWEI,PRA-LX1,33.65625,1,1,41.4384779,-8.3025142,5,04/05/2019 22:02
32,530,8.0.0,HUAWEI,PRA-LX1,33.65625,1,1,41.4384761,-8.3025144,5,04/05/2019 22:02
32,531,8.0.0,HUAWEI,PRA-LX1,33.65625,1,1,41.4384749,-8.302524,8,04/05/2019 22:02
32,532,8.0.0,HUAWEI,PRA-LX1,33.65625,1,1,41.4384772,-8.302536,21,04/05/2019 22:02
32,533,8.0.0,HUAWEI,PRA-LX1,33.65625,1,1,41.4384946,-8.3026669,64,04/05/2019 22:02
32,534,8.0.0,HUAWEI,PRA-LX1,33.65625,1,1,41.4384987,-8.3027189,122,04/05/2019 22:02
32,535,8.0.0,HUAWEI,PRA-LX1,33.65625,1,1,41.4385027,-8.3027426,114,04/05/2019 22:02
32,536,8.0.0,HUAWEI,PRA-LX1,33.65625,1,1,41.4385223,-8.3028013,103,04/05/2019 22:02
32,537,8.0.0,HUAWEI,PRA-LX1,33.65625,1,1,41.4385227,-8.3028103,84,04/05/2019 22:02
32,538,8.0.0,HUAWEI,PRA-LX1,33.65625,1,1,41.4385218,-8.3028189,66,04/05/2019 22:02
32,539,8.0.0,HUAWEI,PRA-LX1,33.65625,1,1,41.4385231,-8.3028356,63,04/05/2019 22:02
32,540,8.0.0,HUAWEI,PRA-LX1,33.65625,1,1,41.4385417,-8.3028771,55,04/05/2019 22:02
32,541,8.0.0,HUAWEI,PRA-LX1,33.65625,1,1,41.4385452,-8.3028835,31,04/05/2019 22:02
32,542,8.0.0,HUAWEI,PRA-LX1,33.65625,1,1,41.4385454,-8.302883,5,04/05/2019 22:02
32,543,8.0.0,HUAWEI,PRA-LX1,33.65625,1,1,41.4385423,-8.3028773,0,04/05/2019 22:02
32,544,8.0.0,HUAWEI,PRA-LX1,33.65625,1,1,41.4385311,-8.3028647,2,04/05/2019 22:02
33,545,5.1.1,Xiaomi,Redmi 3,0,1,1,41.4388726,-8.3033671,0,04/05/2019 22:04
33,546,5.1.1,Xiaomi,Redmi 3,0,1,1,41.4388726,-8.3033671,0,04/05/2019 22:04
33,547,5.1.1,Xiaomi,Redmi 3,0,1,1,41.4388726,-8.3033671,0,04/05/2019 22:04
34,548,8.0.0,HUAWEI,PRA-LX1,17.35,1,1,41.4388726,-8.3033671,13,04/05/2019 22:04
34,549,8.0.0,HUAWEI,PRA-LX1,17.35,1,1,41.4387772,-8.303751,10,04/05/2019 22:04
34,550,8.0.0,HUAWEI,PRA-LX1,17.35,1,1,41.4387688,-8.3037376,0,04/05/2019 22:04
34,551,8.0.0,HUAWEI,PRA-LX1,17.35,1,1,41.4388389,-8.3036878,31,04/05/2019 22:04
34,552,8.0.0,HUAWEI,PRA-LX1,17.35,1,1,41.4388542,-8.3036849,29,04/05/2019 22:04
34,553,8.0.0,HUAWEI,PRA-LX1,17.35,1,1,41.4388445,-8.303738,13,04/05/2019 22:04
34,554,8.0.0,HUAWEI,PRA-LX1,17.35,1,1,41.4388421,-8.3037696,13,04/05/2019 22:04
34,555,8.0.0,HUAWEI,PRA-LX1,17.35,1,1,41.4388335,-8.3038175,10,04/05/2019 22:04
34,556,8.0.0,HUAWEI,PRA-LX1,17.35,1,1,41.4388279,-8.3038544,8,04/05/2019 22:04
34,557,8.0.0,HUAWEI,PRA-LX1,17.35,1,1,41.4388307,-8.3038983,13,04/05/2019 22:04
34,558,8.0.0,HUAWEI,PRA-LX1,17.35,1,1,41.4388283,-8.3039037,29,04/05/2019 22:04
34,559,8.0.0,HUAWEI,PRA-LX1,17.35,1,1,41.4388224,-8.303893,29,04/05/2019 22:04
34,560,8.0.0,HUAWEI,PRA-LX1,17.35,1,1,41.4388184,-8.3038858,31,04/05/2019 22:04
34,561,8.0.0,HUAWEI,PRA-LX1,17.35,1,1,41.4388202,-8.3038841,29,04/05/2019 22:04
34,562,8.0.0,HUAWEI,PRA-LX1,17.35,1,1,41.4388466,-8.303905,18,04/05/2019 22:04
34,563,8.0.0,HUAWEI,PRA-LX1,17.35,1,1,41.4388585,-8.3039144,24,04/05/2019 22:04
34,564,8.0.0,HUAWEI,PRA-LX1,17.35,1,1,41.438871,-8.3039279,18,04/05/2019 22:04
34,565,8.0.0,HUAWEI,PRA-LX1,17.35,1,1,41.4388849,-8.3039406,13,04/05/2019 22:04
34,566,8.0.0,HUAWEI,PRA-LX1,17.35,1,1,41.4389059,-8.3039604,8,04/05/2019 22:04
34,567,8.0.0,HUAWEI,PRA-LX1,17.35,1,1,41.4389146,-8.3039655,8,04/05/2019 22:04
35,568,7.0,HUAWEI,HUAWEI VNS-L31,12.48,1,1,41.4388726,-8.3033671,11,04/05/2019 22:04
35,569,7.0,HUAWEI,HUAWEI VNS-L31,12.48,1,1,41.4387696,-8.3034392,11,04/05/2019 22:04
35,570,7.0,HUAWEI,HUAWEI VNS-L31,12.48,1,1,41.438701,-8.3036293,11,04/05/2019 22:04
35,571,7.0,HUAWEI,HUAWEI VNS-L31,12.48,1,1,41.4387644,-8.3037303,13,04/05/2019 22:04
35,572,7.0,HUAWEI,HUAWEI VNS-L31,12.48,1,1,41.4387494,-8.3038094,13,04/05/2019 22:04
35,573,7.0,HUAWEI,HUAWEI VNS-L31,12.48,1,1,41.4388366,-8.3038062,14,04/05/2019 22:04
35,574,7.0,HUAWEI,HUAWEI VNS-L31,12.48,1,1,41.4388718,-8.3038195,11,04/05/2019 22:04
35,575,7.0,HUAWEI,HUAWEI VNS-L31,12.48,1,1,41.4388727,-8.3038506,13,04/05/2019 22:04
35,576,7.0,HUAWEI,HUAWEI VNS-L31,12.48,1,1,41.438869,-8.3038847,13,04/05/2019 22:04
35,577,7.0,HUAWEI,HUAWEI VNS-L31,12.48,1,1,41.4388681,-8.3039005,13,04/05/2019 22:04
35,578,7.0,HUAWEI,HUAWEI VNS-L31,12.48,1,1,41.4388654,-8.3039124,13,04/05/2019 22:04
35,579,7.0,HUAWEI,HUAWEI VNS-L31,12.48,1,1,41.4388633,-8.3039366,14,04/05/2019 22:04
35,580,7.0,HUAWEI,HUAWEI VNS-L31,12.48,1,1,41.4388629,-8.3039442,12,04/05/2019 22:04
35,581,7.0,HUAWEI,HUAWEI VNS-L31,12.48,1,1,41.4388514,-8.3039448,15,04/05/2019 22:04
35,582,7.0,HUAWEI,HUAWEI VNS-L31,12.48,1,1,41.4388397,-8.3039352,20,04/05/2019 22:04
35,583,7.0,HUAWEI,HUAWEI VNS-L31,12.48,1,1,41.4388414,-8.3039344,19,04/05/2019 22:04
35,584,7.0,HUAWEI,HUAWEI VNS-L31,12.48,1,1,41.4388476,-8.3039351,18,04/05/2019 22:04
35,585,7.0,HUAWEI,HUAWEI VNS-L31,12.48,1,1,41.4388669,-8.3039387,16,04/05/2019 22:04
35,586,7.0,HUAWEI,HUAWEI VNS-L31,12.48,1,1,41.4388849,-8.3039438,12,04/05/2019 22:04
35,587,7.0,HUAWEI,HUAWEI VNS-L31,12.48,1,1,41.4388909,-8.3039487,10,04/05/2019 22:04
35,588,7.0,HUAWEI,HUAWEI VNS-L31,12.48,1,1,41.4388945,-8.3039549,11,04/05/2019 22:04
35,589,7.0,HUAWEI,HUAWEI VNS-L31,12.48,1,1,41.4388988,-8.3039627,7,04/05/2019 22:04
35,590,7.0,HUAWEI,HUAWEI VNS-L31,12.48,1,1,41.4389041,-8.3039722,6,04/05/2019 22:04
35,591,7.0,HUAWEI,HUAWEI VNS-L31,12.48,1,1,41.4389041,-8.3039722,6,04/05/2019 22:04
35,592,7.0,HUAWEI,HUAWEI VNS-L31,12.48,1,1,41.4389041,-8.3039722,10,04/05/2019 22:04
36,593,5.1.1,Xiaomi,Redmi 3,8,1,1,41.441338,-8.3049091,14,04/05/2019 22:52
36,594,5.1.1,Xiaomi,Redmi 3,8,1,1,41.4408372,-8.3020419,6,04/05/2019 22:52
36,595,5.1.1,Xiaomi,Redmi 3,8,1,1,41.4408372,-8.3020419,4,04/05/2019 22:52
37,596,7.0,HUAWEI,HUAWEI VNS-L31,13.04,1,1,41.4414417,-8.3023284,43,04/05/2019 22:52
37,597,7.0,HUAWEI,HUAWEI VNS-L31,13.04,1,1,41.4413671,-8.3023858,3,04/05/2019 22:52
37,598,7.0,HUAWEI,HUAWEI VNS-L31,13.04,1,1,41.4413356,-8.3023241,3,04/05/2019 22:52
37,599,7.0,HUAWEI,HUAWEI VNS-L31,13.04,1,1,41.441445,-8.3022875,2,04/05/2019 22:52
37,601,7.0,HUAWEI,HUAWEI VNS-L31,13.04,1,1,41.4414875,-8.302322,5,04/05/2019 22:52
37,603,7.0,HUAWEI,HUAWEI VNS-L31,13.04,1,1,41.4414969,-8.3023257,5,04/05/2019 22:52
37,604,7.0,HUAWEI,HUAWEI VNS-L31,13.04,1,1,41.4414975,-8.302308,5,04/05/2019 22:52
37,607,7.0,HUAWEI,HUAWEI VNS-L31,13.04,1,1,41.441494,-8.3022924,6,04/05/2019 22:52
37,608,7.0,HUAWEI,HUAWEI VNS-L31,13.04,1,1,41.4414902,-8.3022772,6,04/05/2019 22:52
37,610,7.0,HUAWEI,HUAWEI VNS-L31,13.04,1,1,41.4414893,-8.3022471,15,04/05/2019 22:52
37,612,7.0,HUAWEI,HUAWEI VNS-L31,13.04,1,1,41.441487,-8.30223,21,04/05/2019 22:52
37,614,7.0,HUAWEI,HUAWEI VNS-L31,13.04,1,1,41.44148,-8.3021955,30,04/05/2019 22:52
37,615,7.0,HUAWEI,HUAWEI VNS-L31,13.04,1,1,41.4414741,-8.3021655,31,04/05/2019 22:52
37,619,7.0,HUAWEI,HUAWEI VNS-L31,13.04,1,1,41.4414673,-8.302136,28,04/05/2019 22:52
37,621,7.0,HUAWEI,HUAWEI VNS-L31,13.04,1,1,41.4414669,-8.3021125,0,04/05/2019 22:52
37,622,7.0,HUAWEI,HUAWEI VNS-L31,13.04,1,1,41.4414684,-8.3021023,1,04/05/2019 22:52
37,625,7.0,HUAWEI,HUAWEI VNS-L31,13.04,1,1,41.4414709,-8.3020927,11,04/05/2019 22:52
37,626,7.0,HUAWEI,HUAWEI VNS-L31,13.04,1,1,41.4414758,-8.3020745,3,04/05/2019 22:52
37,629,7.0,HUAWEI,HUAWEI VNS-L31,13.04,1,1,41.4414779,-8.3020621,7,04/05/2019 22:52
37,631,7.0,HUAWEI,HUAWEI VNS-L31,13.04,1,1,41.4414837,-8.3020387,13,04/05/2019 22:52
37,632,7.0,HUAWEI,HUAWEI VNS-L31,13.04,1,1,41.4414837,-8.3020387,13,04/05/2019 22:52
37,635,7.0,HUAWEI,HUAWEI VNS-L31,13.04,1,1,41.4414837,-8.3020387,7,04/05/2019 22:52
37,638,7.0,HUAWEI,HUAWEI VNS-L31,13.04,1,1,41.4414971,-8.3019413,20,04/05/2019 22:52
37,641,7.0,HUAWEI,HUAWEI VNS-L31,13.04,1,1,41.4415003,-8.3019344,21,04/05/2019 22:52
37,643,7.0,HUAWEI,HUAWEI VNS-L31,13.04,1,1,41.4415093,-8.3019207,27,04/05/2019 22:52
38,600,8.0.0,HUAWEI,PRA-LX1,127.42857142857143,1,1,41.4418599,-8.3041463,263,04/05/2019 22:52
38,602,8.0.0,HUAWEI,PRA-LX1,127.42857142857143,1,1,41.4414974,-8.3023377,267,04/05/2019 22:52
38,605,8.0.0,HUAWEI,PRA-LX1,127.42857142857143,1,1,41.4414364,-8.302294,235,04/05/2019 22:52
38,606,8.0.0,HUAWEI,PRA-LX1,127.42857142857143,1,1,41.441431,-8.3023106,182,04/05/2019 22:52
38,609,8.0.0,HUAWEI,PRA-LX1,127.42857142857143,1,1,41.4414323,-8.3023014,159,04/05/2019 22:52
38,611,8.0.0,HUAWEI,PRA-LX1,127.42857142857143,1,1,41.4414282,-8.3022963,146,04/05/2019 22:52
38,613,8.0.0,HUAWEI,PRA-LX1,127.42857142857143,1,1,41.4414289,-8.302291,18,04/05/2019 22:52
38,616,8.0.0,HUAWEI,PRA-LX1,127.42857142857143,1,1,41.4414218,-8.3022741,10,04/05/2019 22:52
38,617,8.0.0,HUAWEI,PRA-LX1,127.42857142857143,1,1,41.4414221,-8.3022683,5,04/05/2019 22:52
38,618,8.0.0,HUAWEI,PRA-LX1,127.42857142857143,1,1,41.441487,-8.3023267,8,04/05/2019 22:52
38,620,8.0.0,HUAWEI,PRA-LX1,127.42857142857143,1,1,41.4415047,-8.30232,21,04/05/2019 22:52
38,623,8.0.0,HUAWEI,PRA-LX1,127.42857142857143,1,1,41.4415,-8.3022994,85,04/05/2019 22:52
38,624,8.0.0,HUAWEI,PRA-LX1,127.42857142857143,1,1,41.4414851,-8.3022834,204,04/05/2019 22:52
38,627,8.0.0,HUAWEI,PRA-LX1,127.42857142857143,1,1,41.4414821,-8.3022852,250,04/05/2019 22:52
38,628,8.0.0,HUAWEI,PRA-LX1,127.42857142857143,1,1,41.4414747,-8.3022873,233,04/05/2019 22:52
38,630,8.0.0,HUAWEI,PRA-LX1,127.42857142857143,1,1,41.4414822,-8.30223,211,04/05/2019 22:52
38,633,8.0.0,HUAWEI,PRA-LX1,127.42857142857143,1,1,41.4414882,-8.3022288,189,04/05/2019 22:52
38,634,8.0.0,HUAWEI,PRA-LX1,127.42857142857143,1,1,41.4414958,-8.3022257,166,04/05/2019 22:52
38,636,8.0.0,HUAWEI,PRA-LX1,127.42857142857143,1,1,41.4414478,-8.3021594,85,04/05/2019 22:52
38,637,8.0.0,HUAWEI,PRA-LX1,127.42857142857143,1,1,41.44144,-8.3021403,0,04/05/2019 22:52
38,639,8.0.0,HUAWEI,PRA-LX1,127.42857142857143,1,1,41.4414408,-8.3021315,5,04/05/2019 22:52
38,640,8.0.0,HUAWEI,PRA-LX1,127.42857142857143,1,1,41.4414499,-8.3021308,5,04/05/2019 22:52
38,642,8.0.0,HUAWEI,PRA-LX1,127.42857142857143,1,1,41.441463,-8.3020869,8,04/05/2019 22:52
38,644,8.0.0,HUAWEI,PRA-LX1,127.42857142857143,1,1,41.44148,-8.3020493,26,04/05/2019 22:52
38,645,8.0.0,HUAWEI,PRA-LX1,127.42857142857143,1,1,41.4414941,-8.3020323,136,04/05/2019 22:52
38,646,8.0.0,HUAWEI,PRA-LX1,127.42857142857143,1,1,41.4415049,-8.3020146,170,04/05/2019 22:52
38,647,8.0.0,HUAWEI,PRA-LX1,127.42857142857143,1,1,41.4415172,-8.3019685,264,04/05/2019 22:52
38,648,8.0.0,HUAWEI,PRA-LX1,127.42857142857143,1,1,41.441523,-8.3019483,217,04/05/2019 22:52
39,649,5.1.1,Xiaomi,Redmi 3,14,1,2,41.441338,-8.3049091,14,04/05/2019 22:54
40,650,7.0,HUAWEI,HUAWEI VNS-L31,39.166666666666664,1,2,41.4415172,-8.3019705,24,04/05/2019 22:54
40,651,7.0,HUAWEI,HUAWEI VNS-L31,39.166666666666664,1,2,41.4413793,-8.3020605,24,04/05/2019 22:54
40,652,7.0,HUAWEI,HUAWEI VNS-L31,39.166666666666664,1,2,41.4414057,-8.3020402,39,04/05/2019 22:54
40,653,7.0,HUAWEI,HUAWEI VNS-L31,39.166666666666664,1,2,41.4413919,-8.3019102,52,04/05/2019 22:54
40,654,7.0,HUAWEI,HUAWEI VNS-L31,39.166666666666664,1,2,41.4413906,-8.3019144,52,04/05/2019 22:54
40,655,7.0,HUAWEI,HUAWEI VNS-L31,39.166666666666664,1,2,41.4413803,-8.3019286,44,04/05/2019 22:54
41,656,8.0.0,HUAWEI,PRA-LX1,73.66666666666667,1,2,41.4415292,-8.3019311,86,04/05/2019 22:54
41,657,8.0.0,HUAWEI,PRA-LX1,73.66666666666667,1,2,41.4415411,-8.3019622,147,04/05/2019 22:54
41,658,8.0.0,HUAWEI,PRA-LX1,73.66666666666667,1,2,41.4415284,-8.3019615,108,04/05/2019 22:54
41,659,8.0.0,HUAWEI,PRA-LX1,73.66666666666667,1,2,41.441507,-8.3019531,45,04/05/2019 22:54
41,660,8.0.0,HUAWEI,PRA-LX1,73.66666666666667,1,2,41.4415018,-8.3019481,32,04/05/2019 22:54
41,661,8.0.0,HUAWEI,PRA-LX1,73.66666666666667,1,2,41.4414954,-8.301942,24,04/05/2019 22:54
42,662,7.0,HUAWEI,HUAWEI VNS-L31,54,1,2,41.4414859,-8.3021719,12,04/05/2019 22:55
42,663,7.0,HUAWEI,HUAWEI VNS-L31,54,1,2,41.4412653,-8.3020389,21,04/05/2019 22:55
42,664,7.0,HUAWEI,HUAWEI VNS-L31,54,1,2,41.4412227,-8.3020285,50,04/05/2019 22:55
42,665,7.0,HUAWEI,HUAWEI VNS-L31,54,1,2,41.4413168,-8.3022805,100,04/05/2019 22:55
42,666,7.0,HUAWEI,HUAWEI VNS-L31,54,1,2,41.4413766,-8.3022158,87,04/05/2019 22:55
43,667,5.1.1,Xiaomi,Redmi 3,0,1,2,41.441338,-8.3049091,0,04/05/2019 22:55
43,668,5.1.1,Xiaomi,Redmi 3,0,1,2,41.441338,-8.3049091,0,04/05/2019 22:55
44,669,8.0.0,HUAWEI,PRA-LX1,10.666666666666666,1,2,41.4415121,-8.3022042,10,04/05/2019 22:55
44,670,8.0.0,HUAWEI,PRA-LX1,10.666666666666666,1,2,41.4415141,-8.3021818,10,04/05/2019 22:55
44,671,8.0.0,HUAWEI,PRA-LX1,10.666666666666666,1,2,41.4415229,-8.3021523,13,04/05/2019 22:55
44,672,8.0.0,HUAWEI,PRA-LX1,10.666666666666666,1,2,41.4415424,-8.3022706,13,04/05/2019 22:55
44,673,8.0.0,HUAWEI,PRA-LX1,10.666666666666666,1,2,41.4415624,-8.3023251,10,04/05/2019 22:55
44,674,8.0.0,HUAWEI,PRA-LX1,10.666666666666666,1,2,41.4415531,-8.3023277,8,04/05/2019 22:55
51,779,9,OnePlus,ONEPLUS A6003,54.4,2,1,41.5517556,-8.3997484,138,05/05/2019 21:59
51,780,9,OnePlus,ONEPLUS A6003,54.4,2,1,41.5533949,-8.4022266,15,05/05/2019 21:59
51,781,9,OnePlus,ONEPLUS A6003,54.4,2,1,41.5534619,-8.4023428,1,05/05/2019 21:59
51,782,9,OnePlus,ONEPLUS A6003,54.4,2,1,41.5534563,-8.4023673,3,05/05/2019 21:59
51,783,9,OnePlus,ONEPLUS A6003,54.4,2,1,41.5534413,-8.4023978,0,05/05/2019 21:59
51,784,9,OnePlus,ONEPLUS A6003,54.4,2,1,41.5534337,-8.4024207,0,05/05/2019 21:59
51,785,9,OnePlus,ONEPLUS A6003,54.4,2,1,41.5534313,-8.4024293,0,05/05/2019 21:59
51,786,9,OnePlus,ONEPLUS A6003,54.4,2,1,41.5534277,-8.4024379,0,05/05/2019 21:59
51,787,9,OnePlus,ONEPLUS A6003,54.4,2,1,41.5534125,-8.4024634,54,05/05/2019 21:59
51,788,9,OnePlus,ONEPLUS A6003,54.4,2,1,41.5534044,-8.4024856,311,05/05/2019 21:59
51,789,9,OnePlus,ONEPLUS A6003,54.4,2,1,41.5533921,-8.4025177,348,05/05/2019 21:59
51,790,9,OnePlus,ONEPLUS A6003,54.4,2,1,41.5533908,-8.402528,382,05/05/2019 21:59
51,791,9,OnePlus,ONEPLUS A6003,54.4,2,1,41.5533863,-8.4025502,46,05/05/2019 21:59
51,792,9,OnePlus,ONEPLUS A6003,54.4,2,1,41.5533765,-8.4025759,3,05/05/2019 21:59
51,793,9,OnePlus,ONEPLUS A6003,54.4,2,1,41.5533656,-8.4026019,0,05/05/2019 21:59
51,794,9,OnePlus,ONEPLUS A6003,54.4,2,1,41.5533565,-8.4026146,1,05/05/2019 21:59
51,795,9,OnePlus,ONEPLUS A6003,54.4,2,1,41.5533464,-8.4026356,0,05/05/2019 21:59
51,796,9,OnePlus,ONEPLUS A6003,54.4,2,1,41.5533309,-8.4026589,1,05/05/2019 21:59
51,797,9,OnePlus,ONEPLUS A6003,54.4,2,1,41.5533241,-8.4026706,1,05/05/2019 21:59
51,798,9,OnePlus,ONEPLUS A6003,54.4,2,1,41.5533159,-8.4026899,1,05/05/2019 21:59
51,799,9,OnePlus,ONEPLUS A6003,54.4,2,1,41.5533044,-8.4027158,3,05/05/2019 21:59
51,800,9,OnePlus,ONEPLUS A6003,54.4,2,1,41.553298,-8.4027308,3,05/05/2019 21:59
51,801,9,OnePlus,ONEPLUS A6003,54.4,2,1,41.5532922,-8.4027441,3,05/05/2019 21:59
51,802,9,OnePlus,ONEPLUS A6003,54.4,2,1,41.5532875,-8.402762,43,05/05/2019 21:59
51,803,9,OnePlus,ONEPLUS A6003,54.4,2,1,41.5532893,-8.4027677,49,05/05/2019 21:59
51,804,9,OnePlus,ONEPLUS A6003,54.4,2,1,41.5532805,-8.4027892,83,05/05/2019 22:00
51,805,9,OnePlus,ONEPLUS A6003,54.4,2,1,41.5532686,-8.4028184,152,05/05/2019 22:00
51,806,9,OnePlus,ONEPLUS A6003,54.4,2,1,41.553262,-8.4028351,234,05/05/2019 22:00
51,807,9,OnePlus,ONEPLUS A6003,54.4,2,1,41.553256,-8.4028509,197,05/05/2019 22:00
51,808,9,OnePlus,ONEPLUS A6003,54.4,2,1,41.5532489,-8.4028772,74,05/05/2019 22:00
51,809,9,OnePlus,ONEPLUS A6003,54.4,2,1,41.5532489,-8.4028885,13,05/05/2019 22:00
51,810,9,OnePlus,ONEPLUS A6003,54.4,2,1,41.5532388,-8.4029118,0,05/05/2019 22:00
51,811,9,OnePlus,ONEPLUS A6003,54.4,2,1,41.5532343,-8.4029209,0,05/05/2019 22:00
51,812,9,OnePlus,ONEPLUS A6003,54.4,2,1,41.5532254,-8.4029354,0,05/05/2019 22:00
51,813,9,OnePlus,ONEPLUS A6003,54.4,2,1,41.5532175,-8.4029502,0,05/05/2019 22:00
51,814,9,OnePlus,ONEPLUS A6003,54.4,2,1,41.5532138,-8.4029677,0,05/05/2019 22:00
51,815,9,OnePlus,ONEPLUS A6003,54.4,2,1,41.553197,-8.4029968,0,05/05/2019 22:00
51,816,9,OnePlus,ONEPLUS A6003,54.4,2,1,41.5531906,-8.4030135,1,05/05/2019 22:00
51,817,9,OnePlus,ONEPLUS A6003,54.4,2,1,41.5531727,-8.4030299,1,05/05/2019 22:00
51,818,9,OnePlus,ONEPLUS A6003,54.4,2,1,41.553159,-8.4030469,3,05/05/2019 22:00
51,819,9,OnePlus,ONEPLUS A6003,54.4,2,1,41.5531497,-8.4030569,27,05/05/2019 22:00
51,820,9,OnePlus,ONEPLUS A6003,54.4,2,1,41.5531369,-8.4030715,105,05/05/2019 22:00
51,821,9,OnePlus,ONEPLUS A6003,54.4,2,1,41.5531275,-8.4030813,152,05/05/2019 22:00
51,822,9,OnePlus,ONEPLUS A6003,54.4,2,1,41.553119,-8.4030911,166,05/05/2019 22:00
51,823,9,OnePlus,ONEPLUS A6003,54.4,2,1,41.5531106,-8.4031008,211,05/05/2019 22:00
51,824,9,OnePlus,ONEPLUS A6003,54.4,2,1,41.5531026,-8.4031097,242,05/05/2019 22:00
51,825,9,OnePlus,ONEPLUS A6003,54.4,2,1,41.5530996,-8.4031258,74,05/05/2019 22:00
51,826,9,OnePlus,ONEPLUS A6003,54.4,2,1,41.5530861,-8.4031498,0,05/05/2019 22:00
51,827,9,OnePlus,ONEPLUS A6003,54.4,2,1,41.5530759,-8.403169,1,05/05/2019 22:00
51,828,9,OnePlus,ONEPLUS A6003,54.4,2,1,41.5530679,-8.4031789,0,05/05/2019 22:00
51,829,9,OnePlus,ONEPLUS A6003,54.4,2,1,41.5530574,-8.4031951,0,05/05/2019 22:00
51,830,9,OnePlus,ONEPLUS A6003,54.4,2,1,41.5530428,-8.4032191,0,05/05/2019 22:00
51,831,9,OnePlus,ONEPLUS A6003,54.4,2,1,41.5530369,-8.4032335,0,05/05/2019 22:00
51,832,9,OnePlus,ONEPLUS A6003,54.4,2,1,41.5530301,-8.403255,0,05/05/2019 22:00
51,833,9,OnePlus,ONEPLUS A6003,54.4,2,1,41.5530203,-8.403272,0,05/05/2019 22:00
51,834,9,OnePlus,ONEPLUS A6003,54.4,2,1,41.5530063,-8.4032959,0,05/05/2019 22:00
51,835,9,OnePlus,ONEPLUS A6003,54.4,2,1,41.5529905,-8.4033232,0,05/05/2019 22:00
51,836,9,OnePlus,ONEPLUS A6003,54.4,2,1,41.5529761,-8.4033408,3,05/05/2019 22:00
51,837,9,OnePlus,ONEPLUS A6003,54.4,2,1,41.5529668,-8.4033538,3,05/05/2019 22:00
51,838,9,OnePlus,ONEPLUS A6003,54.4,2,1,41.5529503,-8.4033743,116,05/05/2019 22:00
53,890,9,OnePlus,ONEPLUS A6003,19.945205479452056,2,1,41.5525207,-8.4041387,57,05/05/2019 22:03
53,891,9,OnePlus,ONEPLUS A6003,19.945205479452056,2,1,41.5524427,-8.4042306,4,05/05/2019 22:03
53,892,9,OnePlus,ONEPLUS A6003,19.945205479452056,2,1,41.5524774,-8.4042938,147,05/05/2019 22:03
53,893,9,OnePlus,ONEPLUS A6003,19.945205479452056,2,1,41.5524665,-8.4043472,4,05/05/2019 22:03
53,894,9,OnePlus,ONEPLUS A6003,19.945205479452056,2,1,41.5524623,-8.404375,20,05/05/2019 22:03
53,895,9,OnePlus,ONEPLUS A6003,19.945205479452056,2,1,41.5524589,-8.4043961,23,05/05/2019 22:03
53,896,9,OnePlus,ONEPLUS A6003,19.945205479452056,2,1,41.5524449,-8.4044248,20,05/05/2019 22:03
53,897,9,OnePlus,ONEPLUS A6003,19.945205479452056,2,1,41.5524412,-8.404432,3,05/05/2019 22:03
53,898,9,OnePlus,ONEPLUS A6003,19.945205479452056,2,1,41.5524301,-8.4044535,13,05/05/2019 22:03
53,899,9,OnePlus,ONEPLUS A6003,19.945205479452056,2,1,41.5524229,-8.4044684,7,05/05/2019 22:03
53,900,9,OnePlus,ONEPLUS A6003,19.945205479452056,2,1,41.5524096,-8.4044905,97,05/05/2019 22:03
53,901,9,OnePlus,ONEPLUS A6003,19.945205479452056,2,1,41.5524046,-8.4044963,110,05/05/2019 22:03
53,902,9,OnePlus,ONEPLUS A6003,19.945205479452056,2,1,41.5523933,-8.404511,73,05/05/2019 22:03
53,903,9,OnePlus,ONEPLUS A6003,19.945205479452056,2,1,41.5523932,-8.4045104,52,05/05/2019 22:03
53,904,9,OnePlus,ONEPLUS A6003,19.945205479452056,2,1,41.5523885,-8.404516,101,05/05/2019 22:03
53,905,9,OnePlus,ONEPLUS A6003,19.945205479452056,2,1,41.5523808,-8.4045276,3,05/05/2019 22:03
53,906,9,OnePlus,ONEPLUS A6003,19.945205479452056,2,1,41.5523741,-8.4045385,4,05/05/2019 22:03
53,907,9,OnePlus,ONEPLUS A6003,19.945205479452056,2,1,41.5523672,-8.404557,3,05/05/2019 22:03
53,908,9,OnePlus,ONEPLUS A6003,19.945205479452056,2,1,41.5523634,-8.4045668,3,05/05/2019 22:03
53,909,9,OnePlus,ONEPLUS A6003,19.945205479452056,2,1,41.5523582,-8.4045831,0,05/05/2019 22:03
53,910,9,OnePlus,ONEPLUS A6003,19.945205479452056,2,1,41.5523561,-8.4045891,0,05/05/2019 22:03
53,911,9,OnePlus,ONEPLUS A6003,19.945205479452056,2,1,41.5523526,-8.4045966,0,05/05/2019 22:03
53,912,9,OnePlus,ONEPLUS A6003,19.945205479452056,2,1,41.552343,-8.4046151,0,05/05/2019 22:03
53,913,9,OnePlus,ONEPLUS A6003,19.945205479452056,2,1,41.5523388,-8.4046249,0,05/05/2019 22:03
53,914,9,OnePlus,ONEPLUS A6003,19.945205479452056,2,1,41.5523321,-8.4046451,0,05/05/2019 22:04
53,915,9,OnePlus,ONEPLUS A6003,19.945205479452056,2,1,41.5523213,-8.4046738,0,05/05/2019 22:04
53,916,9,OnePlus,ONEPLUS A6003,19.945205479452056,2,1,41.5523104,-8.404701,0,05/05/2019 22:04
53,917,9,OnePlus,ONEPLUS A6003,19.945205479452056,2,1,41.5523045,-8.404717,0,05/05/2019 22:04
53,918,9,OnePlus,ONEPLUS A6003,19.945205479452056,2,1,41.5523021,-8.4047332,0,05/05/2019 22:04
53,919,9,OnePlus,ONEPLUS A6003,19.945205479452056,2,1,41.5522954,-8.4047515,0,05/05/2019 22:04
53,920,9,OnePlus,ONEPLUS A6003,19.945205479452056,2,1,41.5522868,-8.4047763,1,05/05/2019 22:04
53,921,9,OnePlus,ONEPLUS A6003,19.945205479452056,2,1,41.5522767,-8.4047961,3,05/05/2019 22:04
53,922,9,OnePlus,ONEPLUS A6003,19.945205479452056,2,1,41.5522701,-8.4048079,4,05/05/2019 22:04
53,923,9,OnePlus,ONEPLUS A6003,19.945205479452056,2,1,41.5522678,-8.4048155,6,05/05/2019 22:04
53,924,9,OnePlus,ONEPLUS A6003,19.945205479452056,2,1,41.5522621,-8.4048298,3,05/05/2019 22:04
53,925,9,OnePlus,ONEPLUS A6003,19.945205479452056,2,1,41.5522549,-8.4048543,7,05/05/2019 22:04
53,926,9,OnePlus,ONEPLUS A6003,19.945205479452056,2,1,41.5522493,-8.4048808,13,05/05/2019 22:04
53,927,9,OnePlus,ONEPLUS A6003,19.945205479452056,2,1,41.552244,-8.404897,1,05/05/2019 22:04
53,928,9,OnePlus,ONEPLUS A6003,19.945205479452056,2,1,41.5522375,-8.4049199,0,05/05/2019 22:04
53,929,9,OnePlus,ONEPLUS A6003,19.945205479452056,2,1,41.5522311,-8.4049435,0,05/05/2019 22:04
53,930,9,OnePlus,ONEPLUS A6003,19.945205479452056,2,1,41.5522235,-8.4049696,0,05/05/2019 22:04
53,931,9,OnePlus,ONEPLUS A6003,19.945205479452056,2,1,41.5522184,-8.4049844,0,05/05/2019 22:04
53,932,9,OnePlus,ONEPLUS A6003,19.945205479452056,2,1,41.5522158,-8.404992,0,05/05/2019 22:04
53,933,9,OnePlus,ONEPLUS A6003,19.945205479452056,2,1,41.5522116,-8.4050065,0,05/05/2019 22:04
53,934,9,OnePlus,ONEPLUS A6003,19.945205479452056,2,1,41.5522103,-8.4050132,1,05/05/2019 22:04
53,935,9,OnePlus,ONEPLUS A6003,19.945205479452056,2,1,41.5522082,-8.4050393,3,05/05/2019 22:04
53,936,9,OnePlus,ONEPLUS A6003,19.945205479452056,2,1,41.5522067,-8.4050442,3,05/05/2019 22:04
53,937,9,OnePlus,ONEPLUS A6003,19.945205479452056,2,1,41.5522014,-8.4050555,35,05/05/2019 22:04
53,938,9,OnePlus,ONEPLUS A6003,19.945205479452056,2,1,41.5521987,-8.4050666,85,05/05/2019 22:04
53,939,9,OnePlus,ONEPLUS A6003,19.945205479452056,2,1,41.5521943,-8.4050821,116,05/05/2019 22:04
53,940,9,OnePlus,ONEPLUS A6003,19.945205479452056,2,1,41.5521912,-8.4050932,125,05/05/2019 22:04
53,941,9,OnePlus,ONEPLUS A6003,19.945205479452056,2,1,41.5521892,-8.4050973,94,05/05/2019 22:04
53,942,9,OnePlus,ONEPLUS A6003,19.945205479452056,2,1,41.5521794,-8.40512,55,05/05/2019 22:04
53,943,9,OnePlus,ONEPLUS A6003,19.945205479452056,2,1,41.5521758,-8.4051243,66,05/05/2019 22:04
53,944,9,OnePlus,ONEPLUS A6003,19.945205479452056,2,1,41.5521743,-8.4051255,9,05/05/2019 22:04
53,945,9,OnePlus,ONEPLUS A6003,19.945205479452056,2,1,41.5521678,-8.4051392,15,05/05/2019 22:04
53,946,9,OnePlus,ONEPLUS A6003,19.945205479452056,2,1,41.5521585,-8.4051628,6,05/05/2019 22:04
53,947,9,OnePlus,ONEPLUS A6003,19.945205479452056,2,1,41.5521528,-8.4051791,1,05/05/2019 22:04
53,948,9,OnePlus,ONEPLUS A6003,19.945205479452056,2,1,41.5521429,-8.4052164,0,05/05/2019 22:04
53,949,9,OnePlus,ONEPLUS A6003,19.945205479452056,2,1,41.5521364,-8.4052349,0,05/05/2019 22:04
53,950,9,OnePlus,ONEPLUS A6003,19.945205479452056,2,1,41.5521278,-8.4052587,0,05/05/2019 22:04
53,951,9,OnePlus,ONEPLUS A6003,19.945205479452056,2,1,41.5521191,-8.4052844,0,05/05/2019 22:04
53,952,9,OnePlus,ONEPLUS A6003,19.945205479452056,2,1,41.5521084,-8.4053134,0,05/05/2019 22:04
53,953,9,OnePlus,ONEPLUS A6003,19.945205479452056,2,1,41.5521013,-8.4053344,0,05/05/2019 22:05
53,954,9,OnePlus,ONEPLUS A6003,19.945205479452056,2,1,41.552095,-8.4053509,0,05/05/2019 22:05
53,955,9,OnePlus,ONEPLUS A6003,19.945205479452056,2,1,41.5520884,-8.4053671,0,05/05/2019 22:05
53,956,9,OnePlus,ONEPLUS A6003,19.945205479452056,2,1,41.5520753,-8.4053918,0,05/05/2019 22:05
53,957,9,OnePlus,ONEPLUS A6003,19.945205479452056,2,1,41.5520678,-8.4054041,3,05/05/2019 22:05
53,958,9,OnePlus,ONEPLUS A6003,19.945205479452056,2,1,41.5520608,-8.4054147,13,05/05/2019 22:05
53,959,9,OnePlus,ONEPLUS A6003,19.945205479452056,2,1,41.5520509,-8.4054346,12,05/05/2019 22:05
53,960,9,OnePlus,ONEPLUS A6003,19.945205479452056,2,1,41.5520409,-8.4054519,10,05/05/2019 22:05
53,961,9,OnePlus,ONEPLUS A6003,19.945205479452056,2,1,41.5520325,-8.4054718,12,05/05/2019 22:05
53,962,9,OnePlus,ONEPLUS A6003,19.945205479452056,2,1,41.5520165,-8.4055022,10,05/05/2019 22:05
55,974,9,OnePlus,ONEPLUS A6003,11.681818181818182,2,1,41.5492091,-8.4293465,1,05/05/2019 23:22
55,975,9,OnePlus,ONEPLUS A6003,11.681818181818182,2,1,41.5491433,-8.4294201,4,05/05/2019 23:22
55,976,9,OnePlus,ONEPLUS A6003,11.681818181818182,2,1,41.54913,-8.4294162,9,05/05/2019 23:22
55,977,9,OnePlus,ONEPLUS A6003,11.681818181818182,2,1,41.5491077,-8.4294057,1,05/05/2019 23:22
55,978,9,OnePlus,ONEPLUS A6003,11.681818181818182,2,1,41.5490953,-8.4294007,1,05/05/2019 23:23
55,979,9,OnePlus,ONEPLUS A6003,11.681818181818182,2,1,41.5490825,-8.4293954,1,05/05/2019 23:23
55,980,9,OnePlus,ONEPLUS A6003,11.681818181818182,2,1,41.5490625,-8.4293827,1,05/05/2019 23:23
55,981,9,OnePlus,ONEPLUS A6003,11.681818181818182,2,1,41.5490414,-8.4293757,3,05/05/2019 23:23
55,982,9,OnePlus,ONEPLUS A6003,11.681818181818182,2,1,41.5490102,-8.4293721,1,05/05/2019 23:23
55,983,9,OnePlus,ONEPLUS A6003,11.681818181818182,2,1,41.5489945,-8.4293693,7,05/05/2019 23:23
55,984,9,OnePlus,ONEPLUS A6003,11.681818181818182,2,1,41.548963,-8.4293636,77,05/05/2019 23:23
55,985,9,OnePlus,ONEPLUS A6003,11.681818181818182,2,1,41.5489355,-8.4293629,32,05/05/2019 23:23
55,986,9,OnePlus,ONEPLUS A6003,11.681818181818182,2,1,41.5489198,-8.4293617,96,05/05/2019 23:23
55,987,9,OnePlus,ONEPLUS A6003,11.681818181818182,2,1,41.5488902,-8.4293624,15,05/05/2019 23:23
55,988,9,OnePlus,ONEPLUS A6003,11.681818181818182,2,1,41.5488766,-8.4293641,1,05/05/2019 23:23
55,989,9,OnePlus,ONEPLUS A6003,11.681818181818182,2,1,41.5488634,-8.4293651,1,05/05/2019 23:23
55,990,9,OnePlus,ONEPLUS A6003,11.681818181818182,2,1,41.54885,-8.4293671,1,05/05/2019 23:23
55,991,9,OnePlus,ONEPLUS A6003,11.681818181818182,2,1,41.5488281,-8.4293701,1,05/05/2019 23:23
55,992,9,OnePlus,ONEPLUS A6003,11.681818181818182,2,1,41.5488131,-8.4293707,1,05/05/2019 23:23
55,993,9,OnePlus,ONEPLUS A6003,11.681818181818182,2,1,41.5487857,-8.4293742,1,05/05/2019 23:23
55,994,9,OnePlus,ONEPLUS A6003,11.681818181818182,2,1,41.5487666,-8.4293808,1,05/05/2019 23:23
55,995,9,OnePlus,ONEPLUS A6003,11.681818181818182,2,1,41.5487574,-8.4293835,1,05/05/2019 23:23
45,675,9,OnePlus,ONEPLUS A6003,3,2,2,41.5540481,-8.4006949,3,05/05/2019 21:42
45,676,9,OnePlus,ONEPLUS A6003,3,2,2,41.5540009,-8.4004607,3,05/05/2019 21:42
45,677,9,OnePlus,ONEPLUS A6003,3,2,2,41.5539938,-8.4004301,3,05/05/2019 21:42
46,678,9,OnePlus,ONEPLUS A6003,3.730769230769231,2,2,41.5539871,-8.4004406,3,05/05/2019 21:42
46,679,9,OnePlus,ONEPLUS A6003,3.730769230769231,2,2,41.5540027,-8.4003948,3,05/05/2019 21:42
46,680,9,OnePlus,ONEPLUS A6003,3.730769230769231,2,2,41.5540116,-8.4003767,10,05/05/2019 21:43
46,681,9,OnePlus,ONEPLUS A6003,3.730769230769231,2,2,41.5540209,-8.4004329,9,05/05/2019 21:43
46,682,9,OnePlus,ONEPLUS A6003,3.730769230769231,2,2,41.5540491,-8.4004717,1,05/05/2019 21:43
46,683,9,OnePlus,ONEPLUS A6003,3.730769230769231,2,2,41.5540295,-8.4004227,1,05/05/2019 21:43
46,684,9,OnePlus,ONEPLUS A6003,3.730769230769231,2,2,41.5540163,-8.4004035,4,05/05/2019 21:43
46,685,9,OnePlus,ONEPLUS A6003,3.730769230769231,2,2,41.5539881,-8.4003834,3,05/05/2019 21:43
46,686,9,OnePlus,ONEPLUS A6003,3.730769230769231,2,2,41.5539714,-8.4003781,3,05/05/2019 21:43
46,687,9,OnePlus,ONEPLUS A6003,3.730769230769231,2,2,41.5539697,-8.4003777,3,05/05/2019 21:43
46,688,9,OnePlus,ONEPLUS A6003,3.730769230769231,2,2,41.5539696,-8.4003772,1,05/05/2019 21:43
46,689,9,OnePlus,ONEPLUS A6003,3.730769230769231,2,2,41.5539677,-8.4003731,3,05/05/2019 21:43
46,690,9,OnePlus,ONEPLUS A6003,3.730769230769231,2,2,41.5539662,-8.400369,1,05/05/2019 21:43
46,691,9,OnePlus,ONEPLUS A6003,3.730769230769231,2,2,41.5539654,-8.4003684,1,05/05/2019 21:43
46,692,9,OnePlus,ONEPLUS A6003,3.730769230769231,2,2,41.5539647,-8.4003672,1,05/05/2019 21:43
46,693,9,OnePlus,ONEPLUS A6003,3.730769230769231,2,2,41.5539645,-8.4003666,1,05/05/2019 21:43
46,694,9,OnePlus,ONEPLUS A6003,3.730769230769231,2,2,41.5539635,-8.4003642,1,05/05/2019 21:43
46,695,9,OnePlus,ONEPLUS A6003,3.730769230769231,2,2,41.5539644,-8.4003582,1,05/05/2019 21:43
46,696,9,OnePlus,ONEPLUS A6003,3.730769230769231,2,2,41.5539645,-8.400352,3,05/05/2019 21:43
46,697,9,OnePlus,ONEPLUS A6003,3.730769230769231,2,2,41.5539765,-8.4003503,40,05/05/2019 21:43
46,698,9,OnePlus,ONEPLUS A6003,3.730769230769231,2,2,41.5539832,-8.4003586,3,05/05/2019 21:43
46,699,9,OnePlus,ONEPLUS A6003,3.730769230769231,2,2,41.5539751,-8.4003714,0,05/05/2019 21:43
46,700,9,OnePlus,ONEPLUS A6003,3.730769230769231,2,2,41.5539701,-8.4003762,0,05/05/2019 21:43
46,701,9,OnePlus,ONEPLUS A6003,3.730769230769231,2,2,41.5539619,-8.4003858,0,05/05/2019 21:43
46,702,9,OnePlus,ONEPLUS A6003,3.730769230769231,2,2,41.5539522,-8.4003957,1,05/05/2019 21:43
46,703,9,OnePlus,ONEPLUS A6003,3.730769230769231,2,2,41.5539391,-8.4004071,0,05/05/2019 21:43
47,704,9,OnePlus,ONEPLUS A6003,11,2,2,41.5538871,-8.4003053,1,05/05/2019 21:44
47,705,9,OnePlus,ONEPLUS A6003,11,2,2,41.5539014,-8.4003515,1,05/05/2019 21:44
47,706,9,OnePlus,ONEPLUS A6003,11,2,2,41.5539165,-8.4003725,0,05/05/2019 21:44
47,707,9,OnePlus,ONEPLUS A6003,11,2,2,41.5539318,-8.4003708,0,05/05/2019 21:44
47,708,9,OnePlus,ONEPLUS A6003,11,2,2,41.5539412,-8.4003655,0,05/05/2019 21:44
47,709,9,OnePlus,ONEPLUS A6003,11,2,2,41.5539477,-8.400357,0,05/05/2019 21:44
47,710,9,OnePlus,ONEPLUS A6003,11,2,2,41.5539624,-8.4003349,1,05/05/2019 21:44
47,711,9,OnePlus,ONEPLUS A6003,11,2,2,41.5539719,-8.4003173,12,05/05/2019 21:44
47,712,9,OnePlus,ONEPLUS A6003,11,2,2,41.5539772,-8.4003077,12,05/05/2019 21:44
47,713,9,OnePlus,ONEPLUS A6003,11,2,2,41.5539824,-8.4002977,83,05/05/2019 21:44
48,714,9,OnePlus,ONEPLUS A6003,0.5,2,2,41.5544349,-8.4009379,3,05/05/2019 21:45
48,715,9,OnePlus,ONEPLUS A6003,0.5,2,2,41.5540268,-8.4003063,1,05/05/2019 21:45
48,716,9,OnePlus,ONEPLUS A6003,0.5,2,2,41.5540197,-8.4003066,1,05/05/2019 21:45
48,717,9,OnePlus,ONEPLUS A6003,0.5,2,2,41.5540105,-8.4003241,0,05/05/2019 21:45
48,718,9,OnePlus,ONEPLUS A6003,0.5,2,2,41.5540015,-8.4003458,0,05/05/2019 21:45
48,719,9,OnePlus,ONEPLUS A6003,0.5,2,2,41.5539957,-8.4003568,0,05/05/2019 21:45
48,720,9,OnePlus,ONEPLUS A6003,0.5,2,2,41.5539871,-8.4003717,0,05/05/2019 21:45
48,721,9,OnePlus,ONEPLUS A6003,0.5,2,2,41.5539824,-8.4003794,0,05/05/2019 21:45
48,722,9,OnePlus,ONEPLUS A6003,0.5,2,2,41.5539719,-8.4003938,0,05/05/2019 21:45
48,723,9,OnePlus,ONEPLUS A6003,0.5,2,2,41.5539673,-8.4004007,0,05/05/2019 21:45
49,724,9,OnePlus,ONEPLUS A6003,8.666666666666666,2,2,41.555141,-8.400091,1,05/05/2019 21:46
49,725,9,OnePlus,ONEPLUS A6003,8.666666666666666,2,2,41.5538955,-8.4004523,0,05/05/2019 21:46
49,726,9,OnePlus,ONEPLUS A6003,8.666666666666666,2,2,41.5538985,-8.4004228,1,05/05/2019 21:46
49,727,9,OnePlus,ONEPLUS A6003,8.666666666666666,2,2,41.5539162,-8.4003983,0,05/05/2019 21:46
49,728,9,OnePlus,ONEPLUS A6003,8.666666666666666,2,2,41.553924,-8.4003873,0,05/05/2019 21:46
49,729,9,OnePlus,ONEPLUS A6003,8.666666666666666,2,2,41.5539311,-8.4003774,1,05/05/2019 21:46
49,730,9,OnePlus,ONEPLUS A6003,8.666666666666666,2,2,41.553941,-8.4003631,3,05/05/2019 21:46
49,731,9,OnePlus,ONEPLUS A6003,8.666666666666666,2,2,41.5539532,-8.4003448,3,05/05/2019 21:46
49,732,9,OnePlus,ONEPLUS A6003,8.666666666666666,2,2,41.5539647,-8.4003263,69,05/05/2019 21:46
54,963,9,OnePlus,ONEPLUS A6003,68.45454545454545,2,2,41.549728,-8.4285493,146,05/05/2019 22:41
54,964,9,OnePlus,ONEPLUS A6003,68.45454545454545,2,2,41.5496587,-8.4285054,146,05/05/2019 22:41
54,965,9,OnePlus,ONEPLUS A6003,68.45454545454545,2,2,41.5496429,-8.4284994,157,05/05/2019 22:41
54,966,9,OnePlus,ONEPLUS A6003,68.45454545454545,2,2,41.5496771,-8.4285141,144,05/05/2019 22:42
54,967,9,OnePlus,ONEPLUS A6003,68.45454545454545,2,2,41.5496843,-8.4285031,107,05/05/2019 22:42
54,968,9,OnePlus,ONEPLUS A6003,68.45454545454545,2,2,41.5496883,-8.4285011,4,05/05/2019 22:42
54,969,9,OnePlus,ONEPLUS A6003,68.45454545454545,2,2,41.5496958,-8.4284814,10,05/05/2019 22:42
54,970,9,OnePlus,ONEPLUS A6003,68.45454545454545,2,2,41.549698,-8.4284729,12,05/05/2019 22:42
54,971,9,OnePlus,ONEPLUS A6003,68.45454545454545,2,2,41.5497006,-8.4284634,4,05/05/2019 22:42
54,972,9,OnePlus,ONEPLUS A6003,68.45454545454545,2,2,41.5497024,-8.428451,10,05/05/2019 22:42
54,973,9,OnePlus,ONEPLUS A6003,68.45454545454545,2,2,41.5497022,-8.4284289,13,05/05/2019 22:42
50,733,9,OnePlus,ONEPLUS A6003,73,2,3,41.5559792,-8.4055728,0,05/05/2019 21:57
50,734,9,OnePlus,ONEPLUS A6003,73,2,3,41.5539545,-8.4009855,0,05/05/2019 21:57
50,735,9,OnePlus,ONEPLUS A6003,73,2,3,41.5539439,-8.4009661,0,05/05/2019 21:57
50,736,9,OnePlus,ONEPLUS A6003,73,2,3,41.5539461,-8.4009521,0,05/05/2019 21:57
50,737,9,OnePlus,ONEPLUS A6003,73,2,3,41.553944,-8.4009567,0,05/05/2019 21:57
50,738,9,OnePlus,ONEPLUS A6003,73,2,3,41.5539385,-8.4009613,3,05/05/2019 21:57
50,739,9,OnePlus,ONEPLUS A6003,73,2,3,41.5539319,-8.4009683,4,05/05/2019 21:57
50,740,9,OnePlus,ONEPLUS A6003,73,2,3,41.553927,-8.4009752,3,05/05/2019 21:57
50,741,9,OnePlus,ONEPLUS A6003,73,2,3,41.553921,-8.400984,7,05/05/2019 21:57
50,742,9,OnePlus,ONEPLUS A6003,73,2,3,41.5539153,-8.4009924,9,05/05/2019 21:57
50,743,9,OnePlus,ONEPLUS A6003,73,2,3,41.553905,-8.4010065,65,05/05/2019 21:57
50,744,9,OnePlus,ONEPLUS A6003,73,2,3,41.5538999,-8.4010131,172,05/05/2019 21:57
50,745,9,OnePlus,ONEPLUS A6003,73,2,3,41.5538892,-8.4010264,202,05/05/2019 21:57
50,746,9,OnePlus,ONEPLUS A6003,73,2,3,41.5538798,-8.4010365,6,05/05/2019 21:57
50,747,9,OnePlus,ONEPLUS A6003,73,2,3,41.553875,-8.4010413,3,05/05/2019 21:57
50,748,9,OnePlus,ONEPLUS A6003,73,2,3,41.5538717,-8.4010465,3,05/05/2019 21:57
50,749,9,OnePlus,ONEPLUS A6003,73,2,3,41.5538661,-8.4010597,1,05/05/2019 21:57
50,750,9,OnePlus,ONEPLUS A6003,73,2,3,41.5538642,-8.4010667,1,05/05/2019 21:57
50,751,9,OnePlus,ONEPLUS A6003,73,2,3,41.5538581,-8.4010813,0,05/05/2019 21:57
50,752,9,OnePlus,ONEPLUS A6003,73,2,3,41.5538474,-8.401097,1,05/05/2019 21:57
50,753,9,OnePlus,ONEPLUS A6003,73,2,3,41.553832,-8.4011125,3,05/05/2019 21:57
50,754,9,OnePlus,ONEPLUS A6003,73,2,3,41.5538124,-8.4011287,6,05/05/2019 21:57
50,755,9,OnePlus,ONEPLUS A6003,73,2,3,41.5538016,-8.4011368,34,05/05/2019 21:57
50,756,9,OnePlus,ONEPLUS A6003,73,2,3,41.5537912,-8.4011446,87,05/05/2019 21:57
50,757,9,OnePlus,ONEPLUS A6003,73,2,3,41.5537722,-8.4011587,37,05/05/2019 21:57
50,758,9,OnePlus,ONEPLUS A6003,73,2,3,41.5537638,-8.4011651,102,05/05/2019 21:57
50,759,9,OnePlus,ONEPLUS A6003,73,2,3,41.5537489,-8.4011769,107,05/05/2019 21:57
50,760,9,OnePlus,ONEPLUS A6003,73,2,3,41.5537384,-8.4011917,115,05/05/2019 21:57
50,761,9,OnePlus,ONEPLUS A6003,73,2,3,41.5537303,-8.4012103,1,05/05/2019 21:57
50,762,9,OnePlus,ONEPLUS A6003,73,2,3,41.5537265,-8.4012205,0,05/05/2019 21:57
50,763,9,OnePlus,ONEPLUS A6003,73,2,3,41.553723,-8.4012311,0,05/05/2019 21:57
50,764,9,OnePlus,ONEPLUS A6003,73,2,3,41.55372,-8.401242,0,05/05/2019 21:57
50,765,9,OnePlus,ONEPLUS A6003,73,2,3,41.553714,-8.4012631,1,05/05/2019 21:57
50,766,9,OnePlus,ONEPLUS A6003,73,2,3,41.553711,-8.4012736,1,05/05/2019 21:57
50,767,9,OnePlus,ONEPLUS A6003,73,2,3,41.5537056,-8.401294,3,05/05/2019 21:57
50,768,9,OnePlus,ONEPLUS A6003,73,2,3,41.5536993,-8.4013148,27,05/05/2019 21:57
50,769,9,OnePlus,ONEPLUS A6003,73,2,3,41.5536953,-8.4013256,54,05/05/2019 21:57
50,770,9,OnePlus,ONEPLUS A6003,73,2,3,41.5536865,-8.4013497,138,05/05/2019 21:57
50,771,9,OnePlus,ONEPLUS A6003,73,2,3,41.5536811,-8.4013663,286,05/05/2019 21:57
50,772,9,OnePlus,ONEPLUS A6003,73,2,3,41.5536783,-8.4013776,376,05/05/2019 21:57
50,773,9,OnePlus,ONEPLUS A6003,73,2,3,41.5536755,-8.4013903,258,05/05/2019 21:57
50,774,9,OnePlus,ONEPLUS A6003,73,2,3,41.5536711,-8.4014181,286,05/05/2019 21:58
50,775,9,OnePlus,ONEPLUS A6003,73,2,3,41.5536734,-8.4014374,298,05/05/2019 21:58
50,776,9,OnePlus,ONEPLUS A6003,73,2,3,41.5536734,-8.4014682,256,05/05/2019 21:58
50,777,9,OnePlus,ONEPLUS A6003,73,2,3,41.5536706,-8.4014928,259,05/05/2019 21:58
50,778,9,OnePlus,ONEPLUS A6003,73,2,3,41.553665,-8.4015146,143,05/05/2019 21:58
52,839,9,OnePlus,ONEPLUS A6003,69.92156862745098,2,3,41.5529486,-8.4033709,35,05/05/2019 22:01
52,840,9,OnePlus,ONEPLUS A6003,69.92156862745098,2,3,41.5529072,-8.4034129,4,05/05/2019 22:01
52,841,9,OnePlus,ONEPLUS A6003,69.92156862745098,2,3,41.5528867,-8.4034208,4,05/05/2019 22:01
52,842,9,OnePlus,ONEPLUS A6003,69.92156862745098,2,3,41.5528596,-8.4034512,3,05/05/2019 22:01
52,843,9,OnePlus,ONEPLUS A6003,69.92156862745098,2,3,41.5528488,-8.403469,0,05/05/2019 22:01
52,844,9,OnePlus,ONEPLUS A6003,69.92156862745098,2,3,41.5528449,-8.4034797,1,05/05/2019 22:01
52,845,9,OnePlus,ONEPLUS A6003,69.92156862745098,2,3,41.5528314,-8.4034924,1,05/05/2019 22:01
52,846,9,OnePlus,ONEPLUS A6003,69.92156862745098,2,3,41.5528231,-8.4035076,1,05/05/2019 22:01
52,847,9,OnePlus,ONEPLUS A6003,69.92156862745098,2,3,41.5528159,-8.4035212,1,05/05/2019 22:01
52,848,9,OnePlus,ONEPLUS A6003,69.92156862745098,2,3,41.5528123,-8.4035288,1,05/05/2019 22:01
52,849,9,OnePlus,ONEPLUS A6003,69.92156862745098,2,3,41.5527939,-8.4035522,0,05/05/2019 22:01
52,850,9,OnePlus,ONEPLUS A6003,69.92156862745098,2,3,41.5527819,-8.4035693,0,05/05/2019 22:01
52,851,9,OnePlus,ONEPLUS A6003,69.92156862745098,2,3,41.5527705,-8.4035813,0,05/05/2019 22:01
52,852,9,OnePlus,ONEPLUS A6003,69.92156862745098,2,3,41.5527584,-8.4036097,0,05/05/2019 22:01
52,853,9,OnePlus,ONEPLUS A6003,69.92156862745098,2,3,41.5527529,-8.4036208,0,05/05/2019 22:01
52,854,9,OnePlus,ONEPLUS A6003,69.92156862745098,2,3,41.5527413,-8.4036424,0,05/05/2019 22:01
52,855,9,OnePlus,ONEPLUS A6003,69.92156862745098,2,3,41.5527409,-8.4036451,0,05/05/2019 22:01
52,856,9,OnePlus,ONEPLUS A6003,69.92156862745098,2,3,41.5527374,-8.4036549,0,05/05/2019 22:01
52,857,9,OnePlus,ONEPLUS A6003,69.92156862745098,2,3,41.5527284,-8.4036777,0,05/05/2019 22:01
52,858,9,OnePlus,ONEPLUS A6003,69.92156862745098,2,3,41.5527194,-8.403702,3,05/05/2019 22:01
52,859,9,OnePlus,ONEPLUS A6003,69.92156862745098,2,3,41.5527176,-8.4037072,7,05/05/2019 22:02
52,860,9,OnePlus,ONEPLUS A6003,69.92156862745098,2,3,41.5527069,-8.4037248,71,05/05/2019 22:02
52,861,9,OnePlus,ONEPLUS A6003,69.92156862745098,2,3,41.5526967,-8.4037368,157,05/05/2019 22:02
52,862,9,OnePlus,ONEPLUS A6003,69.92156862745098,2,3,41.5526907,-8.4037442,223,05/05/2019 22:02
52,863,9,OnePlus,ONEPLUS A6003,69.92156862745098,2,3,41.5526786,-8.4037594,219,05/05/2019 22:02
52,864,9,OnePlus,ONEPLUS A6003,69.92156862745098,2,3,41.5526663,-8.4037824,143,05/05/2019 22:02
52,865,9,OnePlus,ONEPLUS A6003,69.92156862745098,2,3,41.552656,-8.4038019,0,05/05/2019 22:02
52,866,9,OnePlus,ONEPLUS A6003,69.92156862745098,2,3,41.5526473,-8.4038193,107,05/05/2019 22:02
52,867,9,OnePlus,ONEPLUS A6003,69.92156862745098,2,3,41.5526433,-8.4038296,29,05/05/2019 22:02
52,868,9,OnePlus,ONEPLUS A6003,69.92156862745098,2,3,41.5526331,-8.4038489,3,05/05/2019 22:02
52,869,9,OnePlus,ONEPLUS A6003,69.92156862745098,2,3,41.5526292,-8.4038589,1,05/05/2019 22:02
52,870,9,OnePlus,ONEPLUS A6003,69.92156862745098,2,3,41.5526232,-8.4038742,1,05/05/2019 22:02
52,871,9,OnePlus,ONEPLUS A6003,69.92156862745098,2,3,41.552618,-8.4038829,0,05/05/2019 22:02
52,872,9,OnePlus,ONEPLUS A6003,69.92156862745098,2,3,41.5526141,-8.4038926,0,05/05/2019 22:02
52,873,9,OnePlus,ONEPLUS A6003,69.92156862745098,2,3,41.5526103,-8.4039012,0,05/05/2019 22:02
52,874,9,OnePlus,ONEPLUS A6003,69.92156862745098,2,3,41.5526039,-8.4039152,0,05/05/2019 22:02
52,875,9,OnePlus,ONEPLUS A6003,69.92156862745098,2,3,41.5525937,-8.40393,1,05/05/2019 22:02
52,876,9,OnePlus,ONEPLUS A6003,69.92156862745098,2,3,41.5525875,-8.4039441,0,05/05/2019 22:02
52,877,9,OnePlus,ONEPLUS A6003,69.92156862745098,2,3,41.5525865,-8.4039457,1,05/05/2019 22:02
52,878,9,OnePlus,ONEPLUS A6003,69.92156862745098,2,3,41.5525799,-8.4039595,79,05/05/2019 22:02
52,879,9,OnePlus,ONEPLUS A6003,69.92156862745098,2,3,41.552568,-8.4039863,133,05/05/2019 22:02
52,880,9,OnePlus,ONEPLUS A6003,69.92156862745098,2,3,41.5525665,-8.4039938,177,05/05/2019 22:02
52,881,9,OnePlus,ONEPLUS A6003,69.92156862745098,2,3,41.5525575,-8.404019,155,05/05/2019 22:02
52,882,9,OnePlus,ONEPLUS A6003,69.92156862745098,2,3,41.552546,-8.4040469,295,05/05/2019 22:02
52,883,9,OnePlus,ONEPLUS A6003,69.92156862745098,2,3,41.552546,-8.4040469,338,05/05/2019 22:02
52,884,9,OnePlus,ONEPLUS A6003,69.92156862745098,2,3,41.552546,-8.4040469,338,05/05/2019 22:02
52,885,9,OnePlus,ONEPLUS A6003,69.92156862745098,2,3,41.5525431,-8.4040551,239,05/05/2019 22:02
52,886,9,OnePlus,ONEPLUS A6003,69.92156862745098,2,3,41.5525438,-8.4040708,163,05/05/2019 22:02
52,887,9,OnePlus,ONEPLUS A6003,69.92156862745098,2,3,41.5525363,-8.4041032,259,05/05/2019 22:02
52,888,9,OnePlus,ONEPLUS A6003,69.92156862745098,2,3,41.552532,-8.404115,171,05/05/2019 22:02
52,889,9,OnePlus,ONEPLUS A6003,69.92156862745098,2,3,41.5525257,-8.404131,202,05/05/2019 22:02
